campaign_id,impressions,clicks,conversions,cost,avg_conversion_value,has_lift_test,lift_test_data,has_geo_experiment,geo_data,lift_test_control_conversions,lift_test_treatment_conversions,lift_test_control_size,lift_test_treatment_size,geo_treatment_pre_conversions,geo_treatment_post_conversions,geo_control_pre_conversions,geo_control_post_conversions,geo_treatment_regions,geo_control_regions,baseline_conversions,true_incremental_conversions,true_iROAS,availability_type
campaign_0000,1028708,33811,3324,92240.26,168.93,True,"{'control_conversions': 106, 'treatment_conversions': 209, 'control_size': 60173, 'treatment_size': 60174}",True,"{'treatment_pre_conversions': 366.2106918773949, 'treatment_post_conversions': 1987.1364660083243, 'control_pre_conversions': 444.85580211878, 'control_post_conversions': 458.3702546792397, 'treatment_regions': 9, 'control_regions': 9}",106,209,60173,60174,366.2106918773949,1987.1364660083243,444.85580211878,458.3702546792397,9,9,1652.9327,1642.2972,3.0077,both
campaign_0001,204887,1941,171,3161.56,101.77,True,"{'control_conversions': 3, 'treatment_conversions': 3, 'control_size': 6428, 'treatment_size': 6428}",True,"{'treatment_pre_conversions': 39.335917999900836, 'treatment_post_conversions': 69.6821072400737, 'control_pre_conversions': 27.583765810289513, 'control_post_conversions': 30.170467567058825, 'treatment_regions': 8, 'control_regions': 10}",3,3,6428,6428,39.335917999900836,69.6821072400737,27.583765810289513,30.170467567058825,8,10,142.3881,34.3941,1.1072,both
campaign_0002,690067,14236,393,62170.22,123.46,True,"{'control_conversions': 16, 'treatment_conversions': 22, 'control_size': 49829, 'treatment_size': 49829}",True,"{'treatment_pre_conversions': 55.796245499908906, 'treatment_post_conversions': 233.7232551456008, 'control_pre_conversions': 56.143392814301784, 'control_post_conversions': 54.34107907398006, 'treatment_regions': 4, 'control_regions': 6}",16,22,49829,49829,55.796245499908906,233.7232551456008,56.143392814301784,54.34107907398006,4,6,214.1218,164.7481,0.3272,both
campaign_0003,452618,12118,1637,27977.76,247.91,True,"{'control_conversions': 112, 'treatment_conversions': 146, 'control_size': 40656, 'treatment_size': 40656}",True,"{'treatment_pre_conversions': 284.1476037399836, 'treatment_post_conversions': 769.3200760532278, 'control_pre_conversions': 261.981202119148, 'control_post_conversions': 270.3763972758154, 'treatment_regions': 4, 'control_regions': 5}",112,146,40656,40656,284.1476037399836,769.3200760532278,261.981202119148,270.3763972758154,4,5,1077.243,586.2668,5.1949,both
campaign_0004,1359961,21817,1255,50414.38,135.17,False,,False,,,,,,,,,,,,474.7115,779.1325,2.0891,neither
campaign_0005,1094443,34235,2821,123930.54,73.28,False,,True,"{'treatment_pre_conversions': 648.3368886871544, 'treatment_post_conversions': 1259.848773181589, 'control_pre_conversions': 450.6770783652918, 'control_post_conversions': 454.41653636724436, 'treatment_regions': 8, 'control_regions': 5}",,,,,648.3368886871544,1259.848773181589,450.6770783652918,454.41653636724436,8,5,2124.0546,689.3801,0.4076,geo_only
campaign_0006,1631533,43408,3551,51955.37,87.96,False,,True,"{'treatment_pre_conversions': 800.423075579529, 'treatment_post_conversions': 1564.853990603712, 'control_pre_conversions': 571.974512346567, 'control_post_conversions': 617.8208516297797, 'treatment_regions': 10, 'control_regions': 8}",,,,,800.423075579529,1564.853990603712,571.974512346567,617.8208516297797,10,8,2592.9757,925.8424,1.5675,geo_only
campaign_0007,449630,4918,136,17406.13,149.61,False,,False,,,,,,,,,,,,107.7751,35.7225,0.307,neither
campaign_0008,1317058,14823,1911,38587.39,193.4,True,"{'control_conversions': 114, 'treatment_conversions': 196, 'control_size': 131642, 'treatment_size': 131642}",False,,114,196,131642,131642,,,,,,,1001.6309,863.5722,4.3283,lift_only
campaign_0009,1625612,17073,1381,44158.83,56.31,False,,False,,,,,,,,,,,,421.9734,965.1008,1.2307,neither
campaign_0010,1737865,13191,1163,15016.96,64.27,True,"{'control_conversions': 39, 'treatment_conversions': 85, 'control_size': 97700, 'treatment_size': 97700}",False,,39,85,97700,97700,,,,,,,853.0606,300.1051,1.2844,lift_only
campaign_0011,1535751,31637,2188,82407.27,88.35,False,,True,"{'treatment_pre_conversions': 182.3697040846359, 'treatment_post_conversions': 1454.1013490162761, 'control_pre_conversions': 170.68534976643895, 'control_post_conversions': 163.26200340208996, 'treatment_regions': 7, 'control_regions': 10}",,,,,182.3697040846359,1454.1013490162761,170.68534976643895,163.26200340208996,7,10,673.3514,1468.1645,1.574,geo_only
campaign_0012,1979435,35998,2030,140952.19,198.47,True,"{'control_conversions': 53, 'treatment_conversions': 108, 'control_size': 81283, 'treatment_size': 81284}",False,,53,108,81283,81284,,,,,,,1191.9398,838.367,1.1805,lift_only
campaign_0013,520176,4138,515,5796.92,134.64,True,"{'control_conversions': 8, 'treatment_conversions': 25, 'control_size': 21356, 'treatment_size': 21356}",False,,8,25,21356,21356,,,,,,,325.4703,176.9311,4.1093,lift_only
campaign_0014,1115731,28132,2189,83746.01,182.43,True,"{'control_conversions': 81, 'treatment_conversions': 99, 'control_size': 57533, 'treatment_size': 57534}",False,,81,99,57533,57534,,,,,,,1740.1956,435.0695,0.9478,lift_only
campaign_0015,1424244,14929,1373,47055.74,133.76,False,,True,"{'treatment_pre_conversions': 326.7939696596563, 'treatment_post_conversions': 530.0194596077795, 'control_pre_conversions': 335.6723927342707, 'control_post_conversions': 327.69996946859544, 'treatment_regions': 9, 'control_regions': 9}",,,,,326.7939696596563,530.0194596077795,335.6723927342707,327.69996946859544,9,9,1152.894,214.5276,0.6098,geo_only
campaign_0016,1577725,13247,1433,18388.5,218.24,False,,True,"{'treatment_pre_conversions': 211.40157293754132, 'treatment_post_conversions': 1030.593637257108, 'control_pre_conversions': 177.67876004192655, 'control_post_conversions': 176.75505571728323, 'treatment_regions': 5, 'control_regions': 4}",,,,,211.40157293754132,1030.593637257108,177.67876004192655,176.75505571728323,5,4,734.8996,798.0548,9.4715,geo_only
campaign_0017,1448756,47323,4009,188416.05,174.74,False,,False,,,,,,,,,,,,2355.6481,1631.6734,1.5132,neither
campaign_0018,527315,7006,696,23998.5,43.29,False,,True,"{'treatment_pre_conversions': 73.14824254507877, 'treatment_post_conversions': 424.1477145086051, 'control_pre_conversions': 51.55303929404493, 'control_post_conversions': 56.00645263377255, 'treatment_regions': 4, 'control_regions': 7}",,,,,73.14824254507877,424.1477145086051,51.55303929404493,56.00645263377255,4,7,267.9047,414.4096,0.7475,geo_only
campaign_0019,1198037,19857,1106,62785.26,238.61,False,,True,"{'treatment_pre_conversions': 145.93641395875562, 'treatment_post_conversions': 818.4543310971279, 'control_pre_conversions': 107.97484578149513, 'control_post_conversions': 116.65998222847982, 'treatment_regions': 9, 'control_regions': 4}",,,,,145.93641395875562,818.4543310971279,107.97484578149513,116.65998222847982,9,4,519.2738,594.1612,2.258,geo_only
campaign_0020,617947,8404,854,21242.75,160.33,True,"{'control_conversions': 34, 'treatment_conversions': 53, 'control_size': 40285, 'treatment_size': 40286}",False,,34,53,40285,40286,,,,,,,693.6609,127.0486,0.9589,lift_only
campaign_0021,138207,3496,412,5061.25,235.47,False,,True,"{'treatment_pre_conversions': 54.729718884203585, 'treatment_post_conversions': 242.68192103762152, 'control_pre_conversions': 37.644112594162024, 'control_post_conversions': 38.442279913300375, 'treatment_regions': 10, 'control_regions': 7}",,,,,54.729718884203585,242.68192103762152,37.644112594162024,38.442279913300375,10,7,195.0759,211.7941,9.8537,geo_only
campaign_0022,481503,9578,1227,8205.36,99.66,False,,False,,,,,,,,,,,,648.0283,564.3566,6.8543,neither
campaign_0023,592683,15572,885,44048.21,131.72,True,"{'control_conversions': 18, 'treatment_conversions': 49, 'control_size': 33193, 'treatment_size': 33193}",False,,18,49,33193,33193,,,,,,,376.9787,507.8412,1.5187,lift_only
campaign_0024,508377,15331,963,63727.77,171.86,True,"{'control_conversions': 10, 'treatment_conversions': 28, 'control_size': 19615, 'treatment_size': 19616}",False,,10,28,19615,19616,,,,,,,478.5242,494.8665,1.3345,lift_only
campaign_0025,488284,7931,311,8583.58,214.76,True,"{'control_conversions': 20, 'treatment_conversions': 31, 'control_size': 41135, 'treatment_size': 41136}",False,,20,31,41135,41136,,,,,,,198.6312,113.5529,2.841,lift_only
campaign_0026,1516999,46984,4299,153532.63,112.13,False,,False,,,,,,,,,,,,1964.8272,2383.6394,1.7409,neither
campaign_0027,1826820,23628,1179,31429.73,78.75,True,"{'control_conversions': 54, 'treatment_conversions': 105, 'control_size': 160789, 'treatment_size': 160790}",False,,54,105,160789,160790,,,,,,,420.7601,791.697,1.9837,lift_only
campaign_0028,279746,6920,191,15076.39,84.12,True,"{'control_conversions': 13, 'treatment_conversions': 15, 'control_size': 20295, 'treatment_size': 20296}",False,,13,15,20295,20296,,,,,,,144.0773,55.8004,0.3113,lift_only
campaign_0029,935545,18344,685,75272.67,208.36,False,,False,,,,,,,,,,,,543.6142,144.3701,0.3996,neither
campaign_0030,1885085,64571,4052,127643.6,64.42,False,,False,,,,,,,,,,,,1893.292,2202.8072,1.1117,neither
campaign_0031,415621,11288,1417,24066.2,191.75,True,"{'control_conversions': 45, 'treatment_conversions': 72, 'control_size': 21042, 'treatment_size': 21042}",True,"{'treatment_pre_conversions': 278.01707023961507, 'treatment_post_conversions': 741.5449248596616, 'control_pre_conversions': 253.04611039103608, 'control_post_conversions': 274.6928015713336, 'treatment_regions': 6, 'control_regions': 9}",45,72,21042,21042,278.01707023961507,741.5449248596616,253.04611039103608,274.6928015713336,6,9,914.1938,497.4438,3.9635,both
campaign_0032,241132,4836,552,14867.24,195.15,True,"{'control_conversions': 21, 'treatment_conversions': 32, 'control_size': 13290, 'treatment_size': 13290}",False,,21,32,13290,13290,,,,,,,326.8836,221.0165,2.9011,lift_only
campaign_0033,867851,6280,451,25075.45,60.92,True,"{'control_conversions': 11, 'treatment_conversions': 31, 'control_size': 63656, 'treatment_size': 63656}",False,,11,31,63656,63656,,,,,,,254.7393,213.7289,0.5193,lift_only
campaign_0034,174610,3351,443,7889.37,143.85,True,"{'control_conversions': 14, 'treatment_conversions': 32, 'control_size': 9584, 'treatment_size': 9585}",False,,14,32,9584,9585,,,,,,,294.0678,169.5512,3.0915,lift_only
campaign_0035,1093433,26467,2300,25536.85,72.88,False,,False,,,,,,,,,,,,1819.4774,454.0432,1.2959,neither
campaign_0036,897796,7071,719,12655.69,191.02,True,"{'control_conversions': 37, 'treatment_conversions': 61, 'control_size': 73316, 'treatment_size': 73316}",False,,37,61,73316,73316,,,,,,,414.5798,319.8338,4.8273,lift_only
campaign_0037,1779046,41191,4732,106216.67,82.77,True,"{'control_conversions': 216, 'treatment_conversions': 318, 'control_size': 114939, 'treatment_size': 114940}",True,"{'treatment_pre_conversions': 871.7276834016855, 'treatment_post_conversions': 2590.614557000906, 'control_pre_conversions': 687.1732510018862, 'control_post_conversions': 734.481537375705, 'treatment_regions': 9, 'control_regions': 7}",216,318,114939,114940,871.7276834016855,2590.614557000906,687.1732510018862,734.481537375705,9,7,3140.9045,1537.0192,1.1977,both
campaign_0038,1619906,14331,998,42856.02,192.27,False,,True,"{'treatment_pre_conversions': 133.47831020843304, 'treatment_post_conversions': 583.8698085928286, 'control_pre_conversions': 116.96518168614163, 'control_post_conversions': 131.41726908205544, 'treatment_regions': 5, 'control_regions': 9}",,,,,133.47831020843304,583.8698085928286,116.96518168614163,131.41726908205544,5,9,546.6583,440.266,1.9752,geo_only
campaign_0039,99872,1270,74,4217.6,155.63,False,,True,"{'treatment_pre_conversions': 8.047873213540058, 'treatment_post_conversions': 53.872054184176044, 'control_pre_conversions': 6.632029558848187, 'control_post_conversions': 7.212490517727683, 'treatment_regions': 6, 'control_regions': 7}",,,,,8.047873213540058,53.872054184176044,6.632029558848187,7.212490517727683,6,7,28.8102,42.8812,1.5823,geo_only
campaign_0040,1388061,42553,3944,167714.92,165.3,True,"{'control_conversions': 253, 'treatment_conversions': 310, 'control_size': 113715, 'treatment_size': 113715}",False,,253,310,113715,113715,,,,,,,3023.3506,904.4531,0.8914,lift_only
campaign_0041,1451131,28802,790,94772.62,102.76,False,,False,,,,,,,,,,,,601.6182,210.7501,0.2285,neither
campaign_0042,239549,4171,399,16573.59,85.94,False,,True,"{'treatment_pre_conversions': 97.48501806467212, 'treatment_post_conversions': 211.99999396753205, 'control_pre_conversions': 67.21049015020772, 'control_post_conversions': 72.19560210048586, 'treatment_regions': 6, 'control_regions': 6}",,,,,97.48501806467212,211.99999396753205,67.21049015020772,72.19560210048586,6,6,280.0112,117.7784,0.6107,geo_only
campaign_0043,719137,14770,1612,14535.21,182.17,False,,True,"{'treatment_pre_conversions': 288.6652903265421, 'treatment_post_conversions': 788.9331238277784, 'control_pre_conversions': 228.66353935877208, 'control_post_conversions': 232.39726062323177, 'treatment_regions': 10, 'control_regions': 5}",,,,,288.6652903265421,788.9331238277784,228.66353935877208,232.39726062323177,10,5,1029.9722,533.588,6.6875,geo_only
campaign_0044,1872462,31212,2872,116907.06,53.45,False,,True,"{'treatment_pre_conversions': 479.1412264071122, 'treatment_post_conversions': 1669.4602856828208, 'control_pre_conversions': 414.1933211656064, 'control_post_conversions': 456.0250759260524, 'treatment_regions': 10, 'control_regions': 8}",,,,,479.1412264071122,1669.4602856828208,414.1933211656064,456.0250759260524,10,8,1741.9846,1073.163,0.4907,geo_only
campaign_0045,1441058,26527,2647,101082.37,109.92,True,"{'control_conversions': 138, 'treatment_conversions': 160, 'control_size': 88773, 'treatment_size': 88774}",True,"{'treatment_pre_conversions': 631.8296199146474, 'treatment_post_conversions': 1164.0826201583518, 'control_pre_conversions': 526.8578861611905, 'control_post_conversions': 532.7906840629646, 'treatment_regions': 8, 'control_regions': 4}",138,160,88773,88774,631.8296199146474,1164.0826201583518,526.8578861611905,532.7906840629646,8,4,2203.8707,478.4822,0.5203,both
campaign_0046,1422750,10731,861,14619.24,173.39,False,,True,"{'treatment_pre_conversions': 54.2378570289047, 'treatment_post_conversions': 569.0329246255469, 'control_pre_conversions': 48.24640746683028, 'control_post_conversions': 51.221015754628525, 'treatment_regions': 6, 'control_regions': 5}",,,,,54.2378570289047,569.0329246255469,48.24640746683028,51.221015754628525,6,5,249.437,596.9811,7.0804,geo_only
campaign_0047,456297,14851,1459,32535.34,163.55,False,,True,"{'treatment_pre_conversions': 254.54133380323483, 'treatment_post_conversions': 1042.3439048833375, 'control_pre_conversions': 126.06163798817124, 'control_post_conversions': 131.67571312884152, 'treatment_regions': 7, 'control_regions': 8}",,,,,254.54133380323483,1042.3439048833375,126.06163798817124,131.67571312884152,7,8,758.6019,707.6808,3.5575,geo_only
campaign_0048,1234294,24957,2608,62695.19,86.41,True,"{'control_conversions': 206, 'treatment_conversions': 241, 'control_size': 118571, 'treatment_size': 118571}",True,"{'treatment_pre_conversions': 577.171157065014, 'treatment_post_conversions': 1185.0609292790293, 'control_pre_conversions': 442.38895946133556, 'control_post_conversions': 514.3245765934245, 'treatment_regions': 8, 'control_regions': 10}",206,241,118571,118571,577.171157065014,1185.0609292790293,442.38895946133556,514.3245765934245,8,10,2085.6309,616.3255,0.8495,both
campaign_0049,1750954,19629,1897,77916.52,67.53,False,,False,,,,,,,,,,,,906.5252,947.0564,0.8209,neither
campaign_0050,1379179,18791,1391,68913.92,57.31,True,"{'control_conversions': 119, 'treatment_conversions': 116, 'control_size': 108595, 'treatment_size': 108595}",False,,119,116,108595,108595,,,,,,,1367.5776,0.0,0.0,lift_only
campaign_0051,1062859,9888,528,33468.95,204.1,True,"{'control_conversions': 10, 'treatment_conversions': 17, 'control_size': 29538, 'treatment_size': 29539}",False,,10,17,29538,29539,,,,,,,523.5464,0.0,0.0,lift_only
campaign_0052,1824849,60900,7201,63503.87,69.52,False,,True,"{'treatment_pre_conversions': 1132.1468841315286, 'treatment_post_conversions': 4474.983463611089, 'control_pre_conversions': 850.0228579402166, 'control_post_conversions': 849.2273752837968, 'treatment_regions': 9, 'control_regions': 7}",,,,,1132.1468841315286,4474.983463611089,850.0228579402166,849.2273752837968,9,7,3454.8145,3757.6676,4.1134,geo_only
campaign_0053,317659,7768,670,16592.19,153.35,True,"{'control_conversions': 22, 'treatment_conversions': 41, 'control_size': 15979, 'treatment_size': 15980}",False,,22,41,15979,15980,,,,,,,582.2796,99.5117,0.9197,lift_only
campaign_0054,617807,7269,381,18029.49,120.31,True,"{'control_conversions': 25, 'treatment_conversions': 35, 'control_size': 44252, 'treatment_size': 44253}",True,"{'treatment_pre_conversions': 70.64120771374884, 'treatment_post_conversions': 195.05166176548295, 'control_pre_conversions': 65.44024863943285, 'control_post_conversions': 69.20759470007748, 'treatment_regions': 5, 'control_regions': 5}",25,35,44252,44253,70.64120771374884,195.05166176548295,65.44024863943285,69.20759470007748,5,5,277.8837,124.3227,0.8296,both
campaign_0055,1697327,17695,1620,36159.97,109.6,True,"{'control_conversions': 17, 'treatment_conversions': 49, 'control_size': 44396, 'treatment_size': 44397}",False,,17,49,44396,44397,,,,,,,944.3362,669.3163,2.0286,lift_only
campaign_0056,1734139,48577,1624,63858.77,119.3,False,,True,"{'treatment_pre_conversions': 266.43200981971614, 'treatment_post_conversions': 1101.6015507741872, 'control_pre_conversions': 187.06319316668998, 'control_post_conversions': 194.39282695083074, 'treatment_regions': 10, 'control_regions': 6}",,,,,266.43200981971614,1101.6015507741872,187.06319316668998,194.39282695083074,10,6,796.2068,852.3255,1.5923,geo_only
campaign_0057,377280,9127,1279,7740.51,178.48,False,,False,,,,,,,,,,,,820.3077,427.3384,9.8537,neither
campaign_0058,365790,4313,395,5797.92,244.45,True,"{'control_conversions': 10, 'treatment_conversions': 35, 'control_size': 33946, 'treatment_size': 33947}",True,"{'treatment_pre_conversions': 49.38116780897233, 'treatment_post_conversions': 298.352036356626, 'control_pre_conversions': 34.135446547008385, 'control_post_conversions': 31.458177066555226, 'treatment_regions': 8, 'control_regions': 6}",10,35,33946,33947,49.38116780897233,298.352036356626,34.135446547008385,31.458177066555226,8,6,171.178,234.2589,9.8768,both
campaign_0059,842595,9448,572,13964.28,247.27,False,,False,,,,,,,,,,,,273.2177,294.6822,5.2181,neither
campaign_0060,1460708,16042,1826,20142.42,126.52,True,"{'control_conversions': 94, 'treatment_conversions': 129, 'control_size': 94346, 'treatment_size': 94346}",True,"{'treatment_pre_conversions': 336.44483044033257, 'treatment_post_conversions': 802.802568900384, 'control_pre_conversions': 267.61253404952976, 'control_post_conversions': 285.9423672154542, 'treatment_regions': 6, 'control_regions': 8}",94,129,94346,94346,336.44483044033257,802.802568900384,267.61253404952976,285.9423672154542,6,8,1331.2188,529.9996,3.3291,both
campaign_0061,1123442,25036,2595,60855.23,248.87,False,,False,,,,,,,,,,,,1546.8543,1045.1411,4.2741,neither
campaign_0062,1873163,49954,3921,122958.57,45.08,False,,False,,,,,,,,,,,,1178.7641,2769.7524,1.0156,neither
campaign_0063,700853,20525,2099,24313.16,66.13,True,"{'control_conversions': 74, 'treatment_conversions': 135, 'control_size': 43941, 'treatment_size': 43942}",False,,74,135,43941,43942,,,,,,,1227.6848,886.837,2.4123,lift_only
campaign_0064,1537320,17739,2212,57530.76,223.01,True,"{'control_conversions': 69, 'treatment_conversions': 136, 'control_size': 101404, 'treatment_size': 101404}",False,,69,136,101404,101404,,,,,,,1139.9667,976.8681,3.7867,lift_only
campaign_0065,1442113,35971,2485,158479.74,40.12,True,"{'control_conversions': 37, 'treatment_conversions': 120, 'control_size': 68421, 'treatment_size': 68421}",False,,37,120,68421,68421,,,,,,,805.4709,1646.7253,0.4169,lift_only
campaign_0066,1957214,36772,2947,75910.67,108.11,True,"{'control_conversions': 211, 'treatment_conversions': 208, 'control_size': 162937, 'treatment_size': 162937}",True,"{'treatment_pre_conversions': 854.6715597383492, 'treatment_post_conversions': 1278.4101891989312, 'control_pre_conversions': 608.1963859395, 'control_post_conversions': 603.1488867738319, 'treatment_regions': 5, 'control_regions': 6}",211,208,162937,162937,854.6715597383492,1278.4101891989312,608.1963859395,603.1488867738319,5,6,2460.8105,501.4856,0.7142,both
campaign_0067,1543645,54801,4674,191804.32,105.73,False,,False,,,,,,,,,,,,1609.1272,3042.1128,1.6769,neither
campaign_0068,1903654,37600,4945,151100.66,65.34,False,,True,"{'treatment_pre_conversions': 999.9318667153544, 'treatment_post_conversions': 2602.8188661366453, 'control_pre_conversions': 703.8846390050627, 'control_post_conversions': 703.717443639565, 'treatment_regions': 6, 'control_regions': 5}",,,,,999.9318667153544,2602.8188661366453,703.8846390050627,703.717443639565,6,5,3262.5926,1710.4475,0.7396,geo_only
campaign_0069,711104,23130,1522,97209.59,55.5,False,,False,,,,,,,,,,,,576.8808,956.7813,0.5463,neither
campaign_0070,94633,2228,179,4174.45,98.61,False,,True,"{'treatment_pre_conversions': 51.97601266567801, 'treatment_post_conversions': 65.98012939445857, 'control_pre_conversions': 43.821940699682955, 'control_post_conversions': 44.6972582843303, 'treatment_regions': 5, 'control_regions': 10}",,,,,51.97601266567801,65.98012939445857,43.821940699682955,44.6972582843303,5,10,167.6383,14.9599,0.3534,geo_only
campaign_0071,457267,4272,282,16561.29,173.29,False,,False,,,,,,,,,,,,166.8651,105.457,1.1035,neither
campaign_0072,1641045,57178,3833,215418.67,205.18,False,,False,,,,,,,,,,,,1565.9987,2262.7285,2.1552,neither
campaign_0073,574798,6580,506,8213.14,134.16,False,,False,,,,,,,,,,,,396.4288,96.1216,1.5701,neither
campaign_0074,761689,9898,733,12340.74,230.53,False,,True,"{'treatment_pre_conversions': 153.49595567841808, 'treatment_post_conversions': 419.1478678665802, 'control_pre_conversions': 116.49396357139581, 'control_post_conversions': 119.59726849101136, 'treatment_regions': 8, 'control_regions': 8}",,,,,153.49595567841808,419.1478678665802,116.49396357139581,119.59726849101136,8,8,471.1223,264.886,4.9483,geo_only
campaign_0075,635165,16676,1269,55956.79,165.14,False,,True,"{'treatment_pre_conversions': 272.74846434707496, 'treatment_post_conversions': 638.4784297379218, 'control_pre_conversions': 184.6489546958025, 'control_post_conversions': 187.62497571842965, 'treatment_regions': 6, 'control_regions': 7}",,,,,272.74846434707496,638.4784297379218,184.6489546958025,187.62497571842965,6,7,888.6934,379.5766,1.1202,geo_only
campaign_0076,1641547,32396,2807,64158.57,129.13,True,"{'control_conversions': 41, 'treatment_conversions': 76, 'control_size': 45257, 'treatment_size': 45258}",True,"{'treatment_pre_conversions': 196.55988677248268, 'treatment_post_conversions': 1774.703451813666, 'control_pre_conversions': 219.23687551672833, 'control_post_conversions': 229.59730773084834, 'treatment_regions': 9, 'control_regions': 8}",41,76,45257,45258,196.55988677248268,1774.703451813666,219.23687551672833,229.59730773084834,9,8,1070.5731,1711.7945,3.4453,both
campaign_0077,1361136,19294,2549,76823.81,234.02,True,"{'control_conversions': 164, 'treatment_conversions': 230, 'control_size': 121817, 'treatment_size': 121817}",True,"{'treatment_pre_conversions': 426.6560779934685, 'treatment_post_conversions': 1330.0710643711504, 'control_pre_conversions': 298.8715484199232, 'control_post_conversions': 320.3940636666669, 'treatment_regions': 7, 'control_regions': 10}",164,230,121817,121817,426.6560779934685,1330.0710643711504,298.8715484199232,320.3940636666669,7,10,1728.8461,896.9751,2.7324,both
campaign_0078,1672994,18656,2244,21707.96,185.18,True,"{'control_conversions': 62, 'treatment_conversions': 103, 'control_size': 76270, 'treatment_size': 76270}",False,,62,103,76270,76270,,,,,,,1230.1708,1004.2239,8.5668,lift_only
campaign_0079,630159,12199,467,45516.98,68.79,True,"{'control_conversions': 52, 'treatment_conversions': 57, 'control_size': 55422, 'treatment_size': 55422}",False,,52,57,55422,55422,,,,,,,382.0178,61.1773,0.0925,lift_only
campaign_0080,1839133,37615,3285,84770.39,90.04,True,"{'control_conversions': 52, 'treatment_conversions': 118, 'control_size': 66788, 'treatment_size': 66788}",True,"{'treatment_pre_conversions': 392.92681279341997, 'treatment_post_conversions': 2003.3468819325726, 'control_pre_conversions': 302.1762395686252, 'control_post_conversions': 314.81469382036767, 'treatment_regions': 6, 'control_regions': 7}",52,118,66788,66788,392.92681279341997,2003.3468819325726,302.1762395686252,314.81469382036767,6,7,1481.7952,1817.1084,1.9301,both
campaign_0081,509508,14658,812,32355.75,168.37,True,"{'control_conversions': 33, 'treatment_conversions': 61, 'control_size': 45150, 'treatment_size': 45150}",True,"{'treatment_pre_conversions': 118.86263935139318, 'treatment_post_conversions': 486.56388953630824, 'control_pre_conversions': 89.54099352044406, 'control_post_conversions': 82.25475085302875, 'treatment_regions': 4, 'control_regions': 10}",33,61,45150,45150,118.86263935139318,486.56388953630824,89.54099352044406,82.25475085302875,4,10,370.1366,447.5594,2.329,both
campaign_0082,1704725,53732,2688,120383.48,108.92,False,,True,"{'treatment_pre_conversions': 272.983762770731, 'treatment_post_conversions': 1664.90495998579, 'control_pre_conversions': 201.58169367509768, 'control_post_conversions': 204.4984749568779, 'treatment_regions': 6, 'control_regions': 5}",,,,,272.983762770731,1664.90495998579,201.58169367509768,204.4984749568779,6,5,1168.2336,1530.2323,1.3845,geo_only
campaign_0083,965637,27397,2748,31092.92,231.03,False,,False,,,,,,,,,,,,2163.5421,512.8938,3.811,neither
campaign_0084,650431,4252,297,8954.87,227.27,False,,True,"{'treatment_pre_conversions': 67.64835260986645, 'treatment_post_conversions': 164.18549074298681, 'control_pre_conversions': 53.398362953266655, 'control_post_conversions': 57.62273071110952, 'treatment_regions': 6, 'control_regions': 10}",,,,,67.64835260986645,164.18549074298681,53.398362953266655,57.62273071110952,6,10,213.3247,83.3648,2.1158,geo_only
campaign_0085,1697895,18520,1240,46483.17,242.93,True,"{'control_conversions': 92, 'treatment_conversions': 95, 'control_size': 144808, 'treatment_size': 144809}",False,,92,95,144808,144809,,,,,,,1128.9982,84.38,0.441,lift_only
campaign_0086,1118162,20056,855,14786.25,154.2,True,"{'control_conversions': 17, 'treatment_conversions': 37, 'control_size': 48025, 'treatment_size': 48025}",False,,17,37,48025,48025,,,,,,,590.3292,271.6683,2.8331,lift_only
campaign_0087,1229516,13033,1444,11968.33,209.18,True,"{'control_conversions': 51, 'treatment_conversions': 85, 'control_size': 67275, 'treatment_size': 67276}",False,,51,85,67275,67276,,,,,,,871.0343,574.4582,10.0401,lift_only
campaign_0088,417705,4263,327,12524.03,89.78,True,"{'control_conversions': 14, 'treatment_conversions': 22, 'control_size': 20623, 'treatment_size': 20624}",False,,14,22,20623,20624,,,,,,,244.2109,87.6641,0.6284,lift_only
campaign_0089,344240,11818,1197,38004.62,48.48,False,,True,"{'treatment_pre_conversions': 255.46613479617565, 'treatment_post_conversions': 463.03147445389834, 'control_pre_conversions': 198.97739114356764, 'control_post_conversions': 215.828587087644, 'treatment_regions': 7, 'control_regions': 10}",,,,,255.46613479617565,463.03147445389834,198.97739114356764,215.828587087644,7,10,962.2345,216.9715,0.2768,geo_only
campaign_0090,1512017,22497,2905,75874.47,170.83,False,,False,,,,,,,,,,,,1759.3409,1184.0188,2.6658,neither
campaign_0091,1760318,21366,1715,71547.67,206.06,False,,False,,,,,,,,,,,,788.3357,892.5632,2.5706,neither
campaign_0092,642082,15666,1609,53841.85,64.86,True,"{'control_conversions': 30, 'treatment_conversions': 42, 'control_size': 29826, 'treatment_size': 29827}",True,"{'treatment_pre_conversions': 169.65531025805515, 'treatment_post_conversions': 1166.48043431263, 'control_pre_conversions': 175.11381947366542, 'control_post_conversions': 180.61793425191547, 'treatment_regions': 4, 'control_regions': 7}",30,42,29826,29827,169.65531025805515,1166.48043431263,175.11381947366542,180.61793425191547,4,7,701.1133,898.8348,1.0828,both
campaign_0093,675031,8770,505,15643.11,222.0,True,"{'control_conversions': 9, 'treatment_conversions': 39, 'control_size': 59090, 'treatment_size': 59091}",False,,9,39,59090,59091,,,,,,,224.9501,285.6114,4.0533,lift_only
campaign_0094,1926598,41684,2182,80192.76,87.79,False,,True,"{'treatment_pre_conversions': 170.96656755824097, 'treatment_post_conversions': 1606.8600683036373, 'control_pre_conversions': 149.47479641330003, 'control_post_conversions': 160.3576902046606, 'treatment_regions': 6, 'control_regions': 8}",,,,,170.96656755824097,1606.8600683036373,149.47479641330003,160.3576902046606,6,8,685.4371,1465.9838,1.6048,geo_only
campaign_0095,1734783,23977,2216,68526.44,177.95,False,,True,"{'treatment_pre_conversions': 373.3540059121073, 'treatment_post_conversions': 1254.6992274060074, 'control_pre_conversions': 353.8621695757387, 'control_post_conversions': 326.2933618580836, 'treatment_regions': 6, 'control_regions': 5}",,,,,373.3540059121073,1254.6992274060074,353.8621695757387,326.2933618580836,6,5,1105.173,1120.101,2.9086,geo_only
campaign_0096,434096,9354,472,38567.15,53.38,True,"{'control_conversions': 13, 'treatment_conversions': 43, 'control_size': 35819, 'treatment_size': 35819}",False,,13,43,35819,35819,,,,,,,157.1411,298.6425,0.4133,lift_only
campaign_0097,1622251,32772,3794,77035.15,216.38,True,"{'control_conversions': 195, 'treatment_conversions': 347, 'control_size': 149938, 'treatment_size': 149938}",False,,195,347,149938,149938,,,,,,,2128.3267,1653.5162,4.6446,lift_only
campaign_0098,375240,4601,509,10200.93,98.64,False,,False,,,,,,,,,,,,295.7179,229.5178,2.2193,neither
campaign_0099,754497,17762,591,28855.17,112.97,True,"{'control_conversions': 27, 'treatment_conversions': 32, 'control_size': 39958, 'treatment_size': 39958}",True,"{'treatment_pre_conversions': 119.51305077599503, 'treatment_post_conversions': 186.4906287715209, 'control_pre_conversions': 128.44960483530596, 'control_post_conversions': 143.52948068178944, 'treatment_regions': 7, 'control_regions': 8}",27,32,39958,39958,119.51305077599503,186.4906287715209,128.44960483530596,143.52948068178944,7,8,506.3286,74.5183,0.2917,both
campaign_0100,1315378,15284,1493,23586.69,97.41,False,,True,"{'treatment_pre_conversions': 353.1174962463886, 'treatment_post_conversions': 530.3973118503444, 'control_pre_conversions': 320.8972817108615, 'control_post_conversions': 336.75876940118326, 'treatment_regions': 6, 'control_regions': 5}",,,,,353.1174962463886,530.3973118503444,320.8972817108615,336.75876940118326,6,5,1332.7637,198.8667,0.8213,geo_only
campaign_0101,802654,26617,2306,92565.68,135.18,False,,True,"{'treatment_pre_conversions': 361.9098017828312, 'treatment_post_conversions': 1189.6802547208674, 'control_pre_conversions': 312.0641429510495, 'control_post_conversions': 339.143815089509, 'treatment_regions': 7, 'control_regions': 10}",,,,,361.9098017828312,1189.6802547208674,312.0641429510495,339.143815089509,7,10,1407.0742,847.8744,1.2382,geo_only
campaign_0102,1324377,12640,954,20682.12,138.48,False,,True,"{'treatment_pre_conversions': 239.2735817774034, 'treatment_post_conversions': 488.1376002977302, 'control_pre_conversions': 181.54516529360453, 'control_post_conversions': 162.82414571697706, 'treatment_regions': 4, 'control_regions': 10}",,,,,239.2735817774034,488.1376002977302,181.54516529360453,162.82414571697706,4,10,698.649,256.396,1.7167,geo_only
campaign_0103,320178,7867,560,29208.17,135.35,False,,True,"{'treatment_pre_conversions': 31.03111964323947, 'treatment_post_conversions': 388.95738631193325, 'control_pre_conversions': 30.490497579355438, 'control_post_conversions': 31.54438748891546, 'treatment_regions': 10, 'control_regions': 7}",,,,,31.03111964323947,388.95738631193325,30.490497579355438,31.54438748891546,10,7,156.2525,407.0561,1.8863,geo_only
campaign_0104,1757657,41745,3974,58237.73,110.09,False,,False,,,,,,,,,,,,3671.6111,222.6769,0.4209,neither
campaign_0105,1893723,24193,1558,60677.41,58.54,False,,True,"{'treatment_pre_conversions': 425.67251905668707, 'treatment_post_conversions': 546.0652099270759, 'control_pre_conversions': 426.1783492396983, 'control_post_conversions': 427.59236274330414, 'treatment_regions': 8, 'control_regions': 9}",,,,,425.67251905668707,546.0652099270759,426.1783492396983,427.59236274330414,8,9,1477.6657,93.9508,0.0906,geo_only
campaign_0106,1851363,44929,3671,118466.18,67.11,True,"{'control_conversions': 273, 'treatment_conversions': 333, 'control_size': 176948, 'treatment_size': 176948}",True,"{'treatment_pre_conversions': 926.2740973242329, 'treatment_post_conversions': 1604.2097224991528, 'control_pre_conversions': 732.9527319037015, 'control_post_conversions': 695.3294295552847, 'treatment_regions': 5, 'control_regions': 4}",273,333,176948,176948,926.2740973242329,1604.2097224991528,732.9527319037015,695.3294295552847,5,4,3015.3684,607.2453,0.344,both
campaign_0107,970705,16081,522,38813.67,143.44,True,"{'control_conversions': 22, 'treatment_conversions': 9, 'control_size': 33235, 'treatment_size': 33236}",True,"{'treatment_pre_conversions': 108.6501188663971, 'treatment_post_conversions': 206.81101768095897, 'control_pre_conversions': 96.97370680347757, 'control_post_conversions': 100.55220348686422, 'treatment_regions': 4, 'control_regions': 9}",22,9,33235,33236,108.6501188663971,206.81101768095897,96.97370680347757,100.55220348686422,4,9,402.5576,102.3041,0.3781,both
campaign_0108,778964,8881,708,20040.36,67.76,False,,False,,,,,,,,,,,,328.3454,386.3118,1.3061,neither
campaign_0109,607763,10783,1413,27667.18,83.94,False,,False,,,,,,,,,,,,873.5083,507.3972,1.5394,neither
campaign_0110,113877,1948,181,6107.66,138.53,True,"{'control_conversions': 3, 'treatment_conversions': 16, 'control_size': 6817, 'treatment_size': 6817}",False,,3,16,6817,6817,,,,,,,79.4595,99.2356,2.2508,lift_only
campaign_0111,1349913,11823,1194,15735.49,52.07,False,,False,,,,,,,,,,,,877.8087,312.2203,1.0333,neither
campaign_0112,1456123,25701,2572,59130.19,195.78,True,"{'control_conversions': 77, 'treatment_conversions': 84, 'control_size': 54624, 'treatment_size': 54625}",True,"{'treatment_pre_conversions': 627.0780097809063, 'treatment_post_conversions': 953.1551306363347, 'control_pre_conversions': 619.5460099849778, 'control_post_conversions': 655.9243633077855, 'treatment_regions': 9, 'control_regions': 6}",77,84,54624,54625,627.0780097809063,953.1551306363347,619.5460099849778,655.9243633077855,9,6,2293.3471,292.9949,0.9701,both
campaign_0113,1825420,61081,5418,123951.05,146.54,True,"{'control_conversions': 233, 'treatment_conversions': 368, 'control_size': 123381, 'treatment_size': 123381}",True,"{'treatment_pre_conversions': 932.7171997928089, 'treatment_post_conversions': 2931.6741482427965, 'control_pre_conversions': 721.578916099032, 'control_post_conversions': 711.3795111640945, 'treatment_regions': 8, 'control_regions': 6}",233,368,123381,123381,932.7171997928089,2931.6741482427965,721.578916099032,711.3795111640945,8,6,3371.1425,1973.0172,2.3325,both
campaign_0114,1043391,13616,795,41696.98,242.32,False,,False,,,,,,,,,,,,718.6813,88.0887,0.5119,neither
campaign_0115,329430,6403,769,17340.76,45.99,True,"{'control_conversions': 31, 'treatment_conversions': 35, 'control_size': 15666, 'treatment_size': 15667}",True,"{'treatment_pre_conversions': 140.06370506355128, 'treatment_post_conversions': 426.98350226236926, 'control_pre_conversions': 88.93510355180399, 'control_post_conversions': 89.54132365859515, 'treatment_regions': 10, 'control_regions': 10}",31,35,15666,15667,140.06370506355128,426.98350226236926,88.93510355180399,89.54132365859515,10,10,489.0775,282.6535,0.7497,both
campaign_0116,1451588,49427,7182,92419.03,165.95,True,"{'control_conversions': 141, 'treatment_conversions': 206, 'control_size': 45484, 'treatment_size': 45484}",False,,141,206,45484,45484,,,,,,,4380.0574,2729.4797,4.9012,lift_only
campaign_0117,1440459,26789,2142,60465.34,86.76,True,"{'control_conversions': 104, 'treatment_conversions': 129, 'control_size': 76192, 'treatment_size': 76193}",True,"{'treatment_pre_conversions': 625.1727365895608, 'treatment_post_conversions': 760.6846708336328, 'control_pre_conversions': 497.2048214304947, 'control_post_conversions': 504.7379617723899, 'treatment_regions': 5, 'control_regions': 8}",104,129,76192,76193,625.1727365895608,760.6846708336328,497.2048214304947,504.7379617723899,5,8,2080.8024,104.427,0.1498,both
campaign_0118,846795,27927,2056,35138.48,199.28,True,"{'control_conversions': 80, 'treatment_conversions': 203, 'control_size': 75520, 'treatment_size': 75520}",False,,80,203,75520,75520,,,,,,,858.3251,1177.5787,6.6783,lift_only
campaign_0119,1773855,47225,3020,207928.63,214.62,True,"{'control_conversions': 113, 'treatment_conversions': 124, 'control_size': 86567, 'treatment_size': 86568}",False,,113,124,86567,86568,,,,,,,2133.2404,894.2255,0.923,lift_only
campaign_0120,1426938,23755,1195,83739.83,169.57,False,,True,"{'treatment_pre_conversions': 246.35165493307386, 'treatment_post_conversions': 333.16766957782664, 'control_pre_conversions': 258.4279656578041, 'control_post_conversions': 249.65058899134684, 'treatment_regions': 5, 'control_regions': 8}",,,,,246.35165493307386,333.16766957782664,258.4279656578041,249.65058899134684,5,8,1060.4414,119.3366,0.2417,geo_only
campaign_0121,255031,4934,369,17652.11,55.0,True,"{'control_conversions': 18, 'treatment_conversions': 24, 'control_size': 22328, 'treatment_size': 22328}",True,"{'treatment_pre_conversions': 62.23465322304576, 'treatment_post_conversions': 181.65581204513418, 'control_pre_conversions': 40.77002925728966, 'control_post_conversions': 45.81968799673624, 'treatment_regions': 4, 'control_regions': 9}",18,24,22328,22328,62.23465322304576,181.65581204513418,40.77002925728966,45.81968799673624,4,9,239.6731,119.7204,0.3731,both
campaign_0122,1840054,62934,6373,212242.54,143.83,True,"{'control_conversions': 222, 'treatment_conversions': 536, 'control_size': 156221, 'treatment_size': 156221}",False,,222,536,156221,156221,,,,,,,2867.9173,3468.9413,2.3508,lift_only
campaign_0123,1232473,35474,1904,108824.12,149.19,True,"{'control_conversions': 78, 'treatment_conversions': 118, 'control_size': 83894, 'treatment_size': 83895}",False,,78,118,83894,83895,,,,,,,1069.8725,818.5437,1.1222,lift_only
campaign_0124,1304365,13967,675,31444.1,49.48,False,,False,,,,,,,,,,,,304.21,383.3241,0.6031,neither
campaign_0125,1763354,50051,4215,203506.93,135.71,False,,True,"{'treatment_pre_conversions': 813.7441850162372, 'treatment_post_conversions': 2843.7066026616835, 'control_pre_conversions': 626.4999314096463, 'control_post_conversions': 678.9592550382209, 'treatment_regions': 5, 'control_regions': 5}",,,,,813.7441850162372,2843.7066026616835,626.4999314096463,678.9592550382209,5,5,2375.1594,1965.3452,1.3106,geo_only
campaign_0126,778426,13187,813,59429.52,220.84,False,,False,,,,,,,,,,,,550.6831,262.1871,0.9743,neither
campaign_0127,801782,8473,1137,35844.95,190.9,True,"{'control_conversions': 61, 'treatment_conversions': 93, 'control_size': 71615, 'treatment_size': 71616}",False,,61,93,71615,71616,,,,,,,698.6305,447.4122,2.3828,lift_only
campaign_0128,602607,11146,942,11716.64,46.09,False,,False,,,,,,,,,,,,725.4121,232.9186,0.9162,neither
campaign_0129,1147881,10465,721,15674.25,197.58,False,,False,,,,,,,,,,,,584.2846,107.041,1.3493,neither
campaign_0130,1315725,37728,4071,90719.15,117.8,False,,False,,,,,,,,,,,,3216.2621,846.1674,1.0988,neither
campaign_0131,1422322,28285,2576,95692.7,55.08,False,,False,,,,,,,,,,,,916.8308,1590.9121,0.9156,neither
campaign_0132,293920,10021,665,34558.36,69.55,True,"{'control_conversions': 26, 'treatment_conversions': 14, 'control_size': 10499, 'treatment_size': 10500}",False,,26,14,10499,10500,,,,,,,426.4595,209.4189,0.4215,lift_only
campaign_0133,1725889,53851,3778,220471.55,224.72,True,"{'control_conversions': 133, 'treatment_conversions': 155, 'control_size': 61206, 'treatment_size': 61206}",True,"{'treatment_pre_conversions': 1111.4441300530361, 'treatment_post_conversions': 1447.2564208642343, 'control_pre_conversions': 948.6847989635588, 'control_post_conversions': 1004.3274943570036, 'treatment_regions': 4, 'control_regions': 8}",133,155,61206,61206,1111.4441300530361,1447.2564208642343,948.6847989635588,1004.3274943570036,4,8,3551.9538,247.7344,0.2525,both
campaign_0134,1215017,44038,3687,147343.08,168.68,False,,True,"{'treatment_pre_conversions': 1091.4742616010647, 'treatment_post_conversions': 1156.9336614811405, 'control_pre_conversions': 1053.058230047204, 'control_post_conversions': 1111.8070206447949, 'treatment_regions': 5, 'control_regions': 4}",,,,,1091.4742616010647,1156.9336614811405,1053.058230047204,1111.8070206447949,5,4,3748.6163,0.0,0.0,geo_only
campaign_0135,392721,11604,1181,12158.81,206.78,False,,False,,,,,,,,,,,,678.8999,501.2806,8.5249,neither
campaign_0136,1827733,23529,2340,51743.13,191.8,False,,True,"{'treatment_pre_conversions': 309.44799687524926, 'treatment_post_conversions': 1779.0334039737427, 'control_pre_conversions': 275.85654597038143, 'control_post_conversions': 268.88130854830746, 'treatment_regions': 6, 'control_regions': 7}",,,,,309.44799687524926,1779.0334039737427,275.85654597038143,268.88130854830746,6,7,1044.6368,1295.1934,4.8011,geo_only
campaign_0137,467603,6084,422,9823.29,103.31,True,"{'control_conversions': 21, 'treatment_conversions': 22, 'control_size': 37166, 'treatment_size': 37167}",False,,21,22,37166,37167,,,,,,,329.794,85.2666,0.8968,lift_only
campaign_0138,1212638,10773,515,35108.65,54.68,True,"{'control_conversions': 54, 'treatment_conversions': 46, 'control_size': 106288, 'treatment_size': 106288}",True,"{'treatment_pre_conversions': 95.84316784707546, 'treatment_post_conversions': 103.01316522930165, 'control_pre_conversions': 117.23574609066432, 'control_post_conversions': 125.2624974650977, 'treatment_regions': 9, 'control_regions': 10}",54,46,106288,106288,95.84316784707546,103.01316522930165,117.23574609066432,125.2624974650977,9,10,518.4054,5.6487,0.0088,both
campaign_0139,1992317,11794,891,48382.51,241.7,False,,False,,,,,,,,,,,,234.4999,647.3074,3.2337,neither
campaign_0140,797045,10084,448,18472.57,218.31,False,,False,,,,,,,,,,,,392.8698,53.3746,0.6308,neither
campaign_0141,1481520,28411,2651,60051.5,50.34,True,"{'control_conversions': 46, 'treatment_conversions': 112, 'control_size': 57354, 'treatment_size': 57354}",False,,46,112,57354,57354,,,,,,,1007.8889,1621.139,1.359,lift_only
campaign_0142,1213129,33142,1371,139036.04,244.86,False,,False,,,,,,,,,,,,1147.9226,225.5101,0.3972,neither
campaign_0143,1499971,32735,2541,73409.1,166.65,False,,False,,,,,,,,,,,,1886.6079,627.8639,1.4254,neither
campaign_0144,1055271,9610,879,17097.86,49.56,True,"{'control_conversions': 57, 'treatment_conversions': 78, 'control_size': 91486, 'treatment_size': 91486}",False,,57,78,91486,91486,,,,,,,633.1638,270.3578,0.7836,lift_only
campaign_0145,969341,26360,1630,25353.81,94.72,False,,True,"{'treatment_pre_conversions': 397.24797256941383, 'treatment_post_conversions': 668.5825132497944, 'control_pre_conversions': 268.7595350071794, 'control_post_conversions': 264.64476442519674, 'treatment_regions': 6, 'control_regions': 9}",,,,,397.24797256941383,668.5825132497944,268.7595350071794,264.64476442519674,6,9,1314.8892,289.14,1.0802,geo_only
campaign_0146,1045403,16554,1730,40397.37,157.9,False,,False,,,,,,,,,,,,1089.6564,605.6342,2.3672,neither
campaign_0147,1684778,19550,1327,22133.83,184.33,True,"{'control_conversions': 53, 'treatment_conversions': 88, 'control_size': 112795, 'treatment_size': 112796}",False,,53,88,112795,112796,,,,,,,1148.9975,156.6512,1.3046,lift_only
campaign_0148,1158364,28201,2062,25441.01,107.09,False,,True,"{'treatment_pre_conversions': 307.2691123997316, 'treatment_post_conversions': 1029.1130078581152, 'control_pre_conversions': 300.02668870779354, 'control_post_conversions': 295.2226363861321, 'treatment_regions': 4, 'control_regions': 9}",,,,,307.2691123997316,1029.1130078581152,300.02668870779354,295.2226363861321,4,9,1270.9596,765.7561,3.2235,geo_only
campaign_0149,167481,2610,218,6643.67,101.03,False,,False,,,,,,,,,,,,122.5774,83.3964,1.2682,neither
campaign_0150,1134917,26123,2392,36962.7,91.83,False,,False,,,,,,,,,,,,1742.9345,665.548,1.6535,neither
campaign_0151,653496,19582,1826,21715.08,147.48,True,"{'control_conversions': 103, 'treatment_conversions': 133, 'control_size': 55143, 'treatment_size': 55143}",False,,103,133,55143,55143,,,,,,,1490.2761,333.2205,2.2631,lift_only
campaign_0152,1431149,45952,2349,142782.42,202.72,True,"{'control_conversions': 111, 'treatment_conversions': 163, 'control_size': 111788, 'treatment_size': 111788}",False,,111,163,111788,111788,,,,,,,1584.237,786.1651,1.1162,lift_only
campaign_0153,1483254,15381,1833,47125.34,143.31,True,"{'control_conversions': 64, 'treatment_conversions': 99, 'control_size': 76393, 'treatment_size': 76393}",False,,64,99,76393,76393,,,,,,,1136.6861,767.324,2.3334,lift_only
campaign_0154,1748619,60621,2133,206299.74,45.65,True,"{'control_conversions': 129, 'treatment_conversions': 188, 'control_size': 144915, 'treatment_size': 144916}",False,,129,188,144915,144916,,,,,,,1444.3995,724.6368,0.1604,lift_only
campaign_0155,193857,6124,762,10682.65,149.74,False,,True,"{'treatment_pre_conversions': 115.50859061034333, 'treatment_post_conversions': 466.3079196767136, 'control_pre_conversions': 82.03500830225752, 'control_post_conversions': 85.47239946369537, 'treatment_regions': 4, 'control_regions': 4}",,,,,115.50859061034333,466.3079196767136,82.03500830225752,85.47239946369537,4,4,376.3374,382.8937,5.3669,geo_only
campaign_0156,766821,12366,1170,18557.95,233.22,False,,False,,,,,,,,,,,,459.6506,690.7443,8.6808,neither
campaign_0157,245806,2048,202,8102.82,92.75,False,,True,"{'treatment_pre_conversions': 40.01604001732227, 'treatment_post_conversions': 120.69490455815941, 'control_pre_conversions': 34.2932208980757, 'control_post_conversions': 39.26272383439321, 'treatment_regions': 4, 'control_regions': 8}",,,,,40.01604001732227,120.69490455815941,34.2932208980757,39.26272383439321,4,8,147.8278,70.7552,0.8099,geo_only
campaign_0158,749599,10971,275,16237.54,93.05,False,,False,,,,,,,,,,,,212.2662,33.8796,0.1942,neither
campaign_0159,1234246,10747,607,38823.69,124.63,False,,True,"{'treatment_pre_conversions': 163.00502711428544, 'treatment_post_conversions': 257.810730815597, 'control_pre_conversions': 143.16425280647329, 'control_post_conversions': 143.4863214921747, 'treatment_regions': 9, 'control_regions': 10}",,,,,163.00502711428544,257.810730815597,143.16425280647329,143.4863214921747,9,10,513.9247,115.2918,0.3701,geo_only
campaign_0160,899970,24030,1915,101158.18,173.99,True,"{'control_conversions': 26, 'treatment_conversions': 38, 'control_size': 23982, 'treatment_size': 23983}",False,,26,38,23982,23983,,,,,,,802.3501,1046.7801,1.8005,lift_only
campaign_0161,1290035,20603,1727,42197.37,131.74,False,,True,"{'treatment_pre_conversions': 179.006259052324, 'treatment_post_conversions': 1183.9639113272017, 'control_pre_conversions': 150.03395417963065, 'control_post_conversions': 160.99135391536188, 'treatment_regions': 6, 'control_regions': 5}",,,,,179.006259052324,1183.9639113272017,150.03395417963065,160.99135391536188,6,5,706.8193,1029.2836,3.2134,geo_only
campaign_0162,868521,20225,2813,33956.64,166.88,False,,True,"{'treatment_pre_conversions': 322.1423930442936, 'treatment_post_conversions': 1453.7014118675681, 'control_pre_conversions': 356.6977013093154, 'control_post_conversions': 367.83469943919124, 'treatment_regions': 9, 'control_regions': 7}",,,,,322.1423930442936,1453.7014118675681,356.6977013093154,367.83469943919124,9,7,1714.2258,1073.2248,5.2743,geo_only
campaign_0163,115088,3410,163,14569.8,196.96,True,"{'control_conversions': 6, 'treatment_conversions': 11, 'control_size': 7177, 'treatment_size': 7177}",False,,6,11,7177,7177,,,,,,,74.2497,83.6643,1.131,lift_only
campaign_0164,1447808,23105,2636,77935.09,157.87,False,,True,"{'treatment_pre_conversions': 578.6633130694972, 'treatment_post_conversions': 1732.6682500995014, 'control_pre_conversions': 326.77872307093423, 'control_post_conversions': 323.20109385065797, 'treatment_regions': 4, 'control_regions': 5}",,,,,578.6633130694972,1732.6682500995014,326.77872307093423,323.20109385065797,4,5,1666.5068,995.8622,2.0173,geo_only
campaign_0165,765847,7229,578,8958.89,167.23,False,,True,"{'treatment_pre_conversions': 149.25370924728324, 'treatment_post_conversions': 255.41610810919605, 'control_pre_conversions': 90.34027869850203, 'control_post_conversions': 87.35139142425524, 'treatment_regions': 8, 'control_regions': 8}",,,,,149.25370924728324,255.41610810919605,90.34027869850203,87.35139142425524,8,8,468.0454,103.7145,1.9359,geo_only
campaign_0166,1527478,26995,1682,61042.34,124.96,False,,False,,,,,,,,,,,,701.4726,1019.2146,2.0865,neither
campaign_0167,1393610,45254,1620,164066.54,95.52,False,,True,"{'treatment_pre_conversions': 282.27251572818795, 'treatment_post_conversions': 579.3737603430246, 'control_pre_conversions': 277.00854397740846, 'control_post_conversions': 255.2085454358104, 'treatment_regions': 9, 'control_regions': 8}",,,,,282.27251572818795,579.3737603430246,277.00854397740846,255.2085454358104,9,8,1282.701,291.8111,0.1699,geo_only
campaign_0168,538012,16449,2141,36930.38,155.24,False,,True,"{'treatment_pre_conversions': 408.8013085152112, 'treatment_post_conversions': 1278.23727283403, 'control_pre_conversions': 389.0070492110127, 'control_post_conversions': 402.3381556669454, 'treatment_regions': 6, 'control_regions': 5}",,,,,408.8013085152112,1278.23727283403,389.0070492110127,402.3381556669454,6,5,1378.5349,770.4523,3.2388,geo_only
campaign_0169,1072198,17864,2367,31093.0,190.9,True,"{'control_conversions': 134, 'treatment_conversions': 194, 'control_size': 82749, 'treatment_size': 82749}",True,"{'treatment_pre_conversions': 284.55055318390373, 'treatment_post_conversions': 1284.073193700608, 'control_pre_conversions': 250.51297717420206, 'control_post_conversions': 276.0027780846754, 'treatment_regions': 8, 'control_regions': 8}",134,194,82749,82749,284.55055318390373,1284.073193700608,250.51297717420206,276.0027780846754,8,8,1450.5958,910.9411,5.5928,both
campaign_0170,955808,6958,512,17022.54,100.7,False,,True,"{'treatment_pre_conversions': 71.139010038528, 'treatment_post_conversions': 314.03198413067815, 'control_pre_conversions': 53.055333940327785, 'control_post_conversions': 54.75074818300348, 'treatment_regions': 6, 'control_regions': 5}",,,,,71.139010038528,314.03198413067815,53.055333940327785,54.75074818300348,6,5,246.6593,270.2774,1.5989,geo_only
campaign_0171,316916,4248,289,15377.1,133.29,False,,False,,,,,,,,,,,,124.2324,146.1817,1.2671,neither
campaign_0172,592086,10183,811,41406.48,87.03,True,"{'control_conversions': 35, 'treatment_conversions': 43, 'control_size': 28170, 'treatment_size': 28170}",True,"{'treatment_pre_conversions': 121.27147410321209, 'treatment_post_conversions': 445.6726876025597, 'control_pre_conversions': 118.14148302597692, 'control_post_conversions': 134.34297520034238, 'treatment_regions': 8, 'control_regions': 7}",35,43,28170,28170,121.27147410321209,445.6726876025597,118.14148302597692,134.34297520034238,8,7,510.6312,338.5327,0.7116,both
campaign_0173,913415,19477,2325,54971.52,110.53,True,"{'control_conversions': 92, 'treatment_conversions': 158, 'control_size': 60933, 'treatment_size': 60933}",False,,92,158,60933,60933,,,,,,,1248.2667,1070.757,2.153,lift_only
campaign_0174,828206,32258,872,41958.64,158.11,False,,False,,,,,,,,,,,,516.2613,380.2392,1.4328,neither
campaign_0175,993334,22921,1653,58985.22,236.52,False,,True,"{'treatment_pre_conversions': 478.4028337142489, 'treatment_post_conversions': 486.772175234014, 'control_pre_conversions': 464.0396292831634, 'control_post_conversions': 438.63466350908817, 'treatment_regions': 10, 'control_regions': 6}",,,,,478.4028337142489,486.772175234014,464.0396292831634,438.63466350908817,10,6,1563.6238,89.8573,0.3603,geo_only
campaign_0176,732449,13330,799,48819.3,199.25,True,"{'control_conversions': 9, 'treatment_conversions': 19, 'control_size': 20190, 'treatment_size': 20191}",True,"{'treatment_pre_conversions': 67.34530484598429, 'treatment_post_conversions': 509.4224560657044, 'control_pre_conversions': 62.8761918551309, 'control_post_conversions': 70.05494385241856, 'treatment_regions': 5, 'control_regions': 9}",9,19,20190,20191,67.34530484598429,509.4224560657044,62.8761918551309,70.05494385241856,5,9,301.2363,500.3996,2.0423,both
campaign_0177,1411949,17649,1768,37656.06,176.05,True,"{'control_conversions': 121, 'treatment_conversions': 133, 'control_size': 104650, 'treatment_size': 104651}",False,,121,133,104650,104651,,,,,,,1410.9146,324.233,1.5159,lift_only
campaign_0178,647179,20992,883,75127.0,245.75,False,,True,"{'treatment_pre_conversions': 143.12063109544118, 'treatment_post_conversions': 374.60466341187686, 'control_pre_conversions': 127.45172758399363, 'control_post_conversions': 118.6319945819702, 'treatment_regions': 9, 'control_regions': 9}",,,,,143.12063109544118,374.60466341187686,127.45172758399363,118.6319945819702,9,9,608.4628,284.9457,0.9321,geo_only
campaign_0179,138563,2160,205,3126.23,42.39,False,,True,"{'treatment_pre_conversions': 20.293887750861145, 'treatment_post_conversions': 128.5656320929969, 'control_pre_conversions': 19.226086808826157, 'control_post_conversions': 19.021775737946996, 'treatment_regions': 9, 'control_regions': 8}",,,,,20.293887750861145,128.5656320929969,19.226086808826157,19.021775737946996,9,8,95.4697,118.7077,1.6095,geo_only
campaign_0180,552680,15927,1859,22395.28,74.09,True,"{'control_conversions': 36, 'treatment_conversions': 43, 'control_size': 14993, 'treatment_size': 14994}",True,"{'treatment_pre_conversions': 286.2633289068848, 'treatment_post_conversions': 876.1035436480845, 'control_pre_conversions': 247.41883425352358, 'control_post_conversions': 253.89581309041841, 'treatment_regions': 4, 'control_regions': 9}",36,43,14993,14994,286.2633289068848,876.1035436480845,247.41883425352358,253.89581309041841,4,9,1147.9687,654.3233,2.1646,both
campaign_0181,315202,6577,471,13811.99,196.88,True,"{'control_conversions': 1, 'treatment_conversions': 23, 'control_size': 8012, 'treatment_size': 8012}",True,"{'treatment_pre_conversions': 42.289843802686185, 'treatment_post_conversions': 386.92377028244107, 'control_pre_conversions': 36.84049856926875, 'control_post_conversions': 38.3209304999003, 'treatment_regions': 4, 'control_regions': 5}",1,23,8012,8012,42.289843802686185,386.92377028244107,36.84049856926875,38.3209304999003,4,5,133.5006,333.285,4.7508,both
campaign_0182,416474,7229,890,13765.44,197.55,False,,False,,,,,,,,,,,,491.6337,380.4661,5.4601,neither
campaign_0183,1546884,40564,3982,55748.23,127.17,False,,True,"{'treatment_pre_conversions': 929.3620874633311, 'treatment_post_conversions': 1705.3352381137586, 'control_pre_conversions': 592.8823878824865, 'control_post_conversions': 610.3801607559119, 'treatment_regions': 8, 'control_regions': 8}",,,,,929.3620874633311,1705.3352381137586,592.8823878824865,610.3801607559119,8,8,3240.4885,742.581,1.694,geo_only
campaign_0184,1279383,12070,912,22793.43,107.79,False,,True,"{'treatment_pre_conversions': 71.9659548605902, 'treatment_post_conversions': 716.4718952310569, 'control_pre_conversions': 82.94704124444658, 'control_post_conversions': 75.22173272663564, 'treatment_regions': 5, 'control_regions': 6}",,,,,71.9659548605902,716.4718952310569,82.94704124444658,75.22173272663564,5,6,300.1984,583.1191,2.7577,geo_only
campaign_0185,496688,7821,475,19028.7,146.48,True,"{'control_conversions': 17, 'treatment_conversions': 23, 'control_size': 28481, 'treatment_size': 28482}",True,"{'treatment_pre_conversions': 46.4178253649761, 'treatment_post_conversions': 375.7126027109043, 'control_pre_conversions': 32.92474738390193, 'control_post_conversions': 33.226008615987965, 'treatment_regions': 5, 'control_regions': 9}",17,23,28481,28482,46.4178253649761,375.7126027109043,32.92474738390193,33.226008615987965,5,9,184.857,306.7399,2.3613,both
campaign_0186,1209193,33505,3416,29850.9,126.94,True,"{'control_conversions': 209, 'treatment_conversions': 261, 'control_size': 96497, 'treatment_size': 96497}",True,"{'treatment_pre_conversions': 769.9130308311375, 'treatment_post_conversions': 1396.308530698711, 'control_pre_conversions': 676.0465154756021, 'control_post_conversions': 700.048364463211, 'treatment_regions': 9, 'control_regions': 4}",209,261,96497,96497,769.9130308311375,1396.308530698711,676.0465154756021,700.048364463211,9,4,2931.9135,503.6812,2.1418,both
campaign_0187,316895,2404,138,4907.11,59.57,False,,False,,,,,,,,,,,,54.2476,80.1795,0.9733,neither
campaign_0188,1884172,34425,4232,135955.79,182.21,False,,False,,,,,,,,,,,,2397.3184,1896.3556,2.5416,neither
campaign_0189,681871,13009,787,53008.4,72.93,True,"{'control_conversions': 23, 'treatment_conversions': 57, 'control_size': 44608, 'treatment_size': 44609}",False,,23,57,44608,44609,,,,,,,401.3635,371.1575,0.5107,lift_only
campaign_0190,283177,9929,781,40825.48,141.63,True,"{'control_conversions': 14, 'treatment_conversions': 73, 'control_size': 17268, 'treatment_size': 17269}",False,,14,73,17268,17269,,,,,,,488.2714,285.4368,0.9902,lift_only
campaign_0191,177213,4056,448,6622.94,71.11,False,,True,"{'treatment_pre_conversions': 95.72606467847903, 'treatment_post_conversions': 182.43594115963458, 'control_pre_conversions': 90.44370200474675, 'control_post_conversions': 84.68921171181972, 'treatment_regions': 6, 'control_regions': 6}",,,,,95.72606467847903,182.43594115963458,90.44370200474675,84.68921171181972,6,6,350.7836,103.7371,1.1138,geo_only
campaign_0192,1919360,57663,3389,244579.86,110.39,True,"{'control_conversions': 153, 'treatment_conversions': 288, 'control_size': 160298, 'treatment_size': 160298}",True,"{'treatment_pre_conversions': 557.5691494630153, 'treatment_post_conversions': 2029.5754816178903, 'control_pre_conversions': 475.86643141945564, 'control_post_conversions': 452.71298218130414, 'treatment_regions': 9, 'control_regions': 6}",153,288,160298,160298,557.5691494630153,2029.5754816178903,475.86643141945564,452.71298218130414,9,6,1789.7497,1610.8021,0.727,both
campaign_0193,956403,11928,1657,40785.0,229.73,False,,False,,,,,,,,,,,,1005.1502,671.6954,3.7835,neither
campaign_0194,165447,4974,447,13792.02,223.69,False,,True,"{'treatment_pre_conversions': 67.7709513564326, 'treatment_post_conversions': 235.40504689774417, 'control_pre_conversions': 47.69067543030334, 'control_post_conversions': 47.75681193850916, 'treatment_regions': 6, 'control_regions': 10}",,,,,67.7709513564326,235.40504689774417,47.69067543030334,47.75681193850916,6,10,266.7118,182.2451,2.9558,geo_only
campaign_0195,590539,16524,1096,54244.18,67.01,False,,False,,,,,,,,,,,,699.6498,366.884,0.4532,neither
campaign_0196,1333920,32451,3893,144543.64,231.34,False,,False,,,,,,,,,,,,2417.3675,1506.9963,2.4119,neither
campaign_0197,338611,8223,1031,16907.53,174.96,True,"{'control_conversions': 41, 'treatment_conversions': 60, 'control_size': 16474, 'treatment_size': 16474}",False,,41,60,16474,16474,,,,,,,645.5778,406.8244,4.2098,lift_only
campaign_0198,1990835,29735,1933,51018.92,199.41,True,"{'control_conversions': 63, 'treatment_conversions': 189, 'control_size': 180820, 'treatment_size': 180820}",False,,63,189,180820,180820,,,,,,,763.1551,1159.1376,4.5306,lift_only
campaign_0199,502898,16037,1054,61057.91,144.26,True,"{'control_conversions': 44, 'treatment_conversions': 67, 'control_size': 28388, 'treatment_size': 28388}",True,"{'treatment_pre_conversions': 133.9118610236187, 'treatment_post_conversions': 504.30579165748514, 'control_pre_conversions': 104.85193614838127, 'control_post_conversions': 106.36878113582203, 'treatment_regions': 8, 'control_regions': 4}",44,67,28388,28388,133.9118610236187,504.30579165748514,104.85193614838127,106.36878113582203,8,4,607.9836,437.67,1.0341,both
